id,first_name,last_name,email,gender,ip_address
1,Mike,Brumfield,mbrumfield0@walmart.com,Genderfluid,131.155.113.157
2,Rudolph,Winspar,rwinspar1@freewebs.com,Male,216.115.37.70
3,Mahmud,Eirwin,meirwin2@sbwire.com,Male,46.74.108.19
4,Ferris,Clelle,fclelle3@independent.co.uk,Male,21.171.105.198
5,Dyane,Matyukon,dmatyukon4@cornell.edu,Female,171.25.12.3
6,Maynord,Cleyne,mcleyne5@toplist.cz,Bigender,65.31.67.252
7,Randolph,McGurn,rmcgurn6@wiley.com,Male,86.99.216.216
8,Leonard,McCamish,lmccamish7@microsoft.com,Male,85.150.5.182
9,Thorndike,Giddy,tgiddy8@archive.org,Male,70.167.166.1
10,Nevins,Deathridge,ndeathridge9@webeden.co.uk,Male,45.147.147.208
11,Cosme,Narracott,cnarracotta@privacy.gov.au,Male,31.150.60.141
12,Milli,Worsalls,mworsallsb@bbc.co.uk,Female,253.218.144.67
13,Emelia,McEniry,emceniryc@noaa.gov,Female,33.16.122.43
14,Brooke,Mounter,bmounterd@pen.io,Female,42.170.164.40
15,Ramsey,Farrow,rfarrowe@goo.gl,Male,161.112.111.211
16,Daniela,Wren,dwrenf@wp.com,Female,153.141.27.242
17,De witt,Buyers,dbuyersg@seattletimes.com,Male,192.19.66.60
18,Immanuel,Bendtsen,ibendtsenh@sciencedirect.com,Male,177.204.163.23
19,Fleurette,Esome,fesomei@wikipedia.org,Genderfluid,229.121.199.188
20,Joelynn,Sikorski,jsikorskij@yahoo.co.jp,Female,210.104.120.239
21,Dinnie,Lawleff,dlawleffk@biblegateway.com,Female,200.253.110.58
22,Obadias,Gallear,ogallearl@facebook.com,Male,254.84.149.64
23,Averyl,Stobie,astobiem@miitbeian.gov.cn,Genderfluid,104.38.8.134
24,Ripley,Cullimore,rcullimoren@multiply.com,Male,252.171.82.221
25,Merell,Schoenfisch,mschoenfischo@skyrock.com,Male,125.4.129.2
26,Arlana,Tidder,atidderp@salon.com,Female,178.24.33.48
27,Cahra,Corpe,ccorpeq@csmonitor.com,Female,231.210.115.140
28,Codee,Colston,ccolstonr@google.pl,Female,47.122.81.208
29,Brice,Aynold,baynolds@dropbox.com,Male,18.91.249.90
30,Delbert,Harrad,dharradt@facebook.com,Male,78.137.151.12
31,Carla,Boughen,cboughenu@lulu.com,Female,164.111.42.36
32,Daisi,Schruur,dschruurv@yale.edu,Female,58.71.215.92
33,Livy,Paike,lpaikew@cmu.edu,Genderqueer,52.106.149.198
34,Chevy,Mollen,cmollenx@meetup.com,Agender,211.109.158.24
35,Lewes,Clemett,lclemetty@mysql.com,Male,32.68.90.87
36,Sari,Myerscough,smyerscoughz@howstuffworks.com,Genderqueer,132.215.11.101
37,Marilee,Petegrew,mpetegrew10@irs.gov,Female,173.114.187.30
38,Yoshiko,De Blasiis,ydeblasiis11@hhs.gov,Female,80.74.78.245
39,Jojo,Gostyke,jgostyke12@so-net.ne.jp,Female,138.160.108.26
40,Krystal,Leile,kleile13@senate.gov,Female,96.226.152.188
41,Claudina,Woolnough,cwoolnough14@woothemes.com,Female,47.89.71.24
42,Vania,Swafford,vswafford15@woothemes.com,Female,117.10.32.201
43,Mildred,Waszkiewicz,mwaszkiewicz16@skyrock.com,Female,170.237.36.107
44,Dionysus,Sallis,dsallis17@oakley.com,Male,95.208.169.168
45,Ilyse,Shury,ishury18@vistaprint.com,Female,193.59.229.245
46,Margaret,Iowarch,miowarch19@ted.com,Agender,167.72.202.131
47,Dexter,Arnout,darnout1a@ameblo.jp,Male,188.29.75.59
48,Emile,Casa,ecasa1b@miitbeian.gov.cn,Male,235.164.100.79
49,Kelila,Spalton,kspalton1c@scientificamerican.com,Female,95.172.215.134
50,Bo,Tyer,btyer1d@wsj.com,Male,31.165.157.245
51,Beckie,Clink,bclink1e@cyberchimps.com,Female,180.153.109.212
52,Herculie,Capel,hcapel1f@gravatar.com,Bigender,189.147.115.224
53,Pepi,Glencrash,pglencrash1g@tumblr.com,Female,219.13.132.217
54,Brandy,Scarlon,bscarlon1h@house.gov,Female,31.249.204.115
55,Jenda,Mattiuzzi,jmattiuzzi1i@unesco.org,Female,37.90.86.118
56,Milton,Pincott,mpincott1j@army.mil,Male,229.105.145.190
57,Yuma,Esbrook,yesbrook1k@stumbleupon.com,Genderfluid,141.150.250.177
58,Kathie,Juggins,kjuggins1l@about.me,Female,150.1.245.97
59,Lanie,Crowcum,lcrowcum1m@squarespace.com,Male,103.147.106.93
60,Lazar,Bateson,lbateson1n@timesonline.co.uk,Male,156.232.41.12
61,Gregorio,Rustman,grustman1o@pcworld.com,Male,207.239.185.90
62,Cathrin,Mc Caughen,cmccaughen1p@shop-pro.jp,Female,118.92.123.114
63,Reynold,Videler,rvideler1q@wsj.com,Male,116.19.149.115
64,Renaud,Metheringham,rmetheringham1r@sciencedaily.com,Male,149.1.47.119
65,Lucho,Malinowski,lmalinowski1s@vk.com,Male,105.50.138.90
66,Richardo,Habbal,rhabbal1t@google.de,Male,191.86.167.17
67,Hanni,Piccop,hpiccop1u@sina.com.cn,Female,53.124.230.172
68,Morena,Durrance,mdurrance1v@vimeo.com,Female,227.225.169.255
69,Alisun,Haysman,ahaysman1w@ibm.com,Female,102.82.221.182
70,Leeann,Khomich,lkhomich1x@pcworld.com,Female,84.67.224.251
71,Bibbie,Gourlie,bgourlie1y@ustream.tv,Female,11.94.177.121
72,Artie,Skellorne,askellorne1z@redcross.org,Male,126.209.217.52
73,Thorstein,Blakeney,tblakeney20@vinaora.com,Male,55.0.130.198
74,Regine,Macewan,rmacewan21@quantcast.com,Female,11.66.123.254
75,Rochella,Jiricka,rjiricka22@smugmug.com,Female,176.81.192.196
76,Moore,Gaymar,mgaymar23@oaic.gov.au,Male,223.126.89.118
77,Jerald,Cudbertson,jcudbertson24@google.co.uk,Male,123.126.64.14
78,Arlyn,Paprotny,apaprotny25@bloglines.com,Female,82.99.20.9
79,Alasteir,Risely,arisely26@biglobe.ne.jp,Male,140.226.223.27
80,Rudiger,Tilbey,rtilbey27@epa.gov,Bigender,116.185.242.194
81,Averil,Toseland,atoseland28@histats.com,Female,204.70.119.244
82,Johnny,Ackerley,jackerley29@twitpic.com,Male,251.1.165.194
83,Woodman,Oldall,woldall2a@mac.com,Bigender,35.41.187.14
84,Hannis,Hannaway,hhannaway2b@ehow.com,Female,42.3.53.159
85,Edmund,Indgs,eindgs2c@liveinternet.ru,Male,189.34.76.45
86,Kipp,Haimes,khaimes2d@dot.gov,Female,196.190.101.50
87,Philipa,Gerraty,pgerraty2e@ibm.com,Female,227.80.58.211
88,Joellyn,Adamski,jadamski2f@geocities.com,Female,116.188.212.71
89,Arlin,Weafer,aweafer2g@uol.com.br,Agender,160.62.120.58
90,Matt,MacMorland,mmacmorland2h@zimbio.com,Male,106.225.225.153
91,Court,Bulman,cbulman2i@shareasale.com,Male,80.34.105.108
92,Briana,Hitzschke,bhitzschke2j@simplemachines.org,Female,7.154.102.241
93,Andree,MacGarvey,amacgarvey2k@businessweek.com,Female,164.205.49.185
94,Tobiah,De Zuani,tdezuani2l@hexun.com,Male,147.222.50.1
95,Amabel,Brunnen,abrunnen2m@gov.uk,Female,149.174.39.94
96,Quintana,Tollady,qtollady2n@yellowbook.com,Female,20.199.70.240
97,Zaneta,Winborn,zwinborn2o@ucsd.edu,Female,204.32.26.6
98,Ava,Yurchenko,ayurchenko2p@topsy.com,Female,29.142.208.175
99,Oliviero,Hardson,ohardson2q@google.fr,Agender,153.199.87.79
100,Ralf,Roswarne,rroswarne2r@bbb.org,Male,69.167.103.13
101,Terri,Garrard,tgarrard2s@bluehost.com,Male,116.96.170.27
102,Umeko,Birtonshaw,ubirtonshaw2t@china.com.cn,Agender,55.240.47.197
103,Demetria,Tranfield,dtranfield2u@gravatar.com,Female,128.219.88.123
104,Malvin,Sieghart,msieghart2v@tuttocitta.it,Male,176.156.26.24
105,Valera,Conway,vconway2w@reference.com,Female,186.67.122.98
106,Maje,Athersmith,mathersmith2x@google.com.au,Male,100.186.155.194
107,Elsa,Brazier,ebrazier2y@furl.net,Female,255.82.229.88
108,Sapphira,Shrubsall,sshrubsall2z@state.tx.us,Agender,31.144.22.77
109,Ellynn,Crilly,ecrilly30@ifeng.com,Female,127.50.11.127
110,Elayne,Baynon,ebaynon31@wikimedia.org,Female,186.195.101.69
111,Fielding,De Benedictis,fdebenedictis32@networksolutions.com,Male,172.81.218.244
112,Lorine,Slayton,lslayton33@sciencedaily.com,Female,223.6.125.25
113,Cob,Cradey,ccradey34@printfriendly.com,Male,21.34.205.141
114,Marcelle,Ridde,mridde35@comcast.net,Female,35.211.0.21
115,Larine,Cater,lcater36@baidu.com,Female,126.176.66.65
116,Raff,Dawtre,rdawtre37@wikia.com,Male,94.249.188.50
117,Tedda,Theyer,ttheyer38@sun.com,Female,235.149.142.13
118,Jeremy,Lashmar,jlashmar39@youtube.com,Male,40.115.50.110
119,Ede,Geering,egeering3a@intel.com,Female,97.171.240.103
120,Gerta,Robardey,grobardey3b@tripod.com,Female,129.18.73.140
121,Ian,Shavel,ishavel3c@sciencedirect.com,Male,77.41.19.215
122,Carmita,Meak,cmeak3d@oaic.gov.au,Female,139.114.33.127
123,Marlena,Karolewski,mkarolewski3e@miibeian.gov.cn,Female,23.199.84.241
124,Gerry,Newlyn,gnewlyn3f@sourceforge.net,Male,32.228.23.77
125,Hilde,Corlett,hcorlett3g@1688.com,Non-binary,247.137.70.245
126,Samara,Footitt,sfootitt3h@ca.gov,Female,11.123.69.182
127,Albrecht,Lafay,alafay3i@amazonaws.com,Male,230.175.7.254
128,Vikki,Naldrett,vnaldrett3j@prnewswire.com,Female,230.147.245.213
129,Gusta,Rous,grous3k@histats.com,Genderqueer,147.217.161.4
130,Karly,Ryrie,kryrie3l@wufoo.com,Female,173.209.199.125
131,Anya,Harrema,aharrema3m@whitehouse.gov,Female,37.24.11.54
132,Joceline,Alfonsini,jalfonsini3n@wikimedia.org,Female,100.54.17.200
133,Alex,Minogue,aminogue3o@sciencedirect.com,Male,235.13.140.133
134,Thibaud,Godfroy,tgodfroy3p@bing.com,Male,132.55.226.48
135,Rubia,Hardern,rhardern3q@jigsy.com,Female,100.117.90.39
136,Nicky,Goscomb,ngoscomb3r@state.gov,Male,152.60.69.24
137,Erina,Matteotti,ematteotti3s@techcrunch.com,Female,214.170.91.107
138,Selma,Sidden,ssidden3t@newyorker.com,Female,89.7.43.34
139,Brigid,Tremathick,btremathick3u@unc.edu,Female,74.216.78.180
140,Cornelia,Hathaway,chathaway3v@addthis.com,Female,182.129.18.79
141,Odille,Rivlin,orivlin3w@marriott.com,Female,165.58.86.111
142,Sherline,Rust,srust3x@pbs.org,Female,81.47.138.219
143,Saree,Chumley,schumley3y@prlog.org,Agender,54.77.131.91
144,Ivonne,Cozens,icozens3z@blog.com,Female,160.89.208.43
145,Alfonse,Petry,apetry40@imageshack.us,Male,159.191.123.165
146,Dillon,Von Der Empten,dvonderempten41@ted.com,Male,49.49.243.218
147,Gram,McAlees,gmcalees42@webmd.com,Male,87.103.71.21
148,Hally,Johansson,hjohansson43@biglobe.ne.jp,Female,252.230.232.8
149,Mikkel,Steenson,msteenson44@com.com,Male,19.201.138.121
150,Irena,Farthin,ifarthin45@wisc.edu,Female,247.101.238.91
151,Corney,Blase,cblase46@tripadvisor.com,Male,213.185.39.2
152,Korry,Pascall,kpascall47@loc.gov,Female,227.188.175.255
153,Lilias,Chasteau,lchasteau48@scientificamerican.com,Female,215.171.145.188
154,Haley,Winnett,hwinnett49@networkadvertising.org,Female,230.242.242.63
155,Cordula,Fairbard,cfairbard4a@tiny.cc,Female,42.182.104.99
156,Conney,Gemmell,cgemmell4b@google.com.br,Male,29.143.138.164
157,Carmen,Balding,cbalding4c@google.com,Female,32.223.62.61
158,Alexandro,Mahmood,amahmood4d@youtu.be,Male,129.223.217.146
159,Forrest,Petriello,fpetriello4e@123-reg.co.uk,Male,140.122.247.5
160,Rosabella,Doorbar,rdoorbar4f@google.it,Female,84.75.16.143
161,Fairlie,Bastistini,fbastistini4g@discuz.net,Male,206.178.47.239
162,Jorey,Rudeforth,jrudeforth4h@tinypic.com,Female,14.217.69.100
163,Ingeberg,Wehnerr,iwehnerr4i@mayoclinic.com,Female,66.36.255.247
164,Ulrich,Phonix,uphonix4j@freewebs.com,Male,105.23.58.55
165,Ursala,Rojel,urojel4k@disqus.com,Female,49.29.100.80
166,Vina,Weatherburn,vweatherburn4l@booking.com,Female,251.114.170.75
167,Brianna,Martignon,bmartignon4m@icio.us,Female,29.89.88.58
168,Scotty,Cunniff,scunniff4n@istockphoto.com,Male,207.231.233.132
169,Rafaellle,Andreev,randreev4o@pagesperso-orange.fr,Male,61.243.242.119
170,Sisile,Lancaster,slancaster4p@miitbeian.gov.cn,Female,111.95.32.74
171,Derril,Bensusan,dbensusan4q@pinterest.com,Male,73.132.253.157
172,Amandy,Wilcot,awilcot4r@senate.gov,Female,25.221.154.82
173,Kim,Lightwing,klightwing4s@washington.edu,Female,203.52.244.72
174,Jocko,Mattusevich,jmattusevich4t@microsoft.com,Male,125.155.34.180
175,Pepito,Gawler,pgawler4u@sohu.com,Male,171.90.233.142
176,Beitris,Pomphrett,bpomphrett4v@google.it,Female,33.19.35.7
177,Christian,Impson,cimpson4w@amazon.co.jp,Male,187.44.90.39
178,Leola,Indgs,lindgs4x@digg.com,Female,211.68.164.22
179,Cam,Varnham,cvarnham4y@ameblo.jp,Male,230.254.149.209
180,Anitra,Buscombe,abuscombe4z@salon.com,Bigender,189.10.83.179
181,Isis,Billes,ibilles50@bravesites.com,Female,253.39.208.48
182,Gale,Feilden,gfeilden51@adobe.com,Male,13.87.70.5
183,Skipp,Gilcriest,sgilcriest52@netvibes.com,Male,25.117.8.155
184,Bobbe,Diamond,bdiamond53@samsung.com,Female,250.36.135.47
185,Corbin,Foli,cfoli54@eepurl.com,Male,85.48.68.224
186,Pascale,Posten,pposten55@zimbio.com,Male,5.175.88.6
187,Philippa,Cromie,pcromie56@wikispaces.com,Female,133.52.133.221
188,Andrei,Andrioni,aandrioni57@i2i.jp,Female,119.36.18.30
189,Christiane,Tysall,ctysall58@dedecms.com,Female,46.63.54.97
190,Gizela,Ochiltree,gochiltree59@eepurl.com,Female,37.70.72.130
191,Jenna,McLewd,jmclewd5a@phpbb.com,Genderfluid,242.179.66.189
192,Bonny,Birdsey,bbirdsey5b@naver.com,Genderqueer,203.67.176.236
193,Florinda,Braemer,fbraemer5c@blogger.com,Female,96.62.27.235
194,Carlotta,Mairs,cmairs5d@uol.com.br,Female,187.185.97.251
195,Devora,O'Mullally,domullally5e@miitbeian.gov.cn,Female,14.139.28.191
196,Tommie,Tomenson,ttomenson5f@ted.com,Female,66.116.58.111
197,Mona,Greenroyd,mgreenroyd5g@imdb.com,Female,209.134.23.249
198,Dalila,Drife,ddrife5h@umich.edu,Female,201.27.2.85
199,Florina,O'Neil,foneil5i@mac.com,Female,236.179.109.242
200,Yoko,Maudsley,ymaudsley5j@goo.gl,Female,217.69.65.216
201,Dud,Carneck,dcarneck5k@smugmug.com,Male,203.206.109.127
202,Abdul,McGiffin,amcgiffin5l@w3.org,Male,167.82.118.106
203,Yule,Hundley,yhundley5m@fema.gov,Male,107.208.55.63
204,Meredith,Tradewell,mtradewell5n@reddit.com,Female,79.53.217.36
205,Temple,Edscer,tedscer5o@cbsnews.com,Male,103.249.95.109
206,Franchot,Probart,fprobart5p@spiegel.de,Male,132.190.113.70
207,Geneva,Eccleshare,geccleshare5q@indiatimes.com,Female,30.251.43.192
208,Cyndie,Puddle,cpuddle5r@washingtonpost.com,Female,11.131.152.91
209,Bard,Arendt,barendt5s@accuweather.com,Male,111.148.102.175
210,Felicdad,Blakeney,fblakeney5t@about.com,Polygender,53.219.116.137
211,Leroy,Gould,lgould5u@reverbnation.com,Male,158.204.96.123
212,Jehanna,Coppeard,jcoppeard5v@vinaora.com,Female,87.171.0.121
213,Queenie,Percifer,qpercifer5w@independent.co.uk,Female,51.153.6.91
214,Shae,Brisseau,sbrisseau5x@ted.com,Female,42.159.245.134
215,Jinny,Dyment,jdyment5y@kickstarter.com,Female,224.236.148.118
216,Lissi,Shellshear,lshellshear5z@statcounter.com,Female,226.145.136.222
217,Roxane,Gearing,rgearing60@mac.com,Female,46.185.25.44
218,Desiri,Merriton,dmerriton61@discuz.net,Female,69.182.178.47
219,Yuri,Maxsted,ymaxsted62@nhs.uk,Male,200.101.101.108
220,Thorsten,Base,tbase63@sciencedaily.com,Male,159.65.158.157
221,Hilton,Sancroft,hsancroft64@fotki.com,Male,177.171.225.64
222,Dorothea,Rockhill,drockhill65@cisco.com,Female,248.20.30.131
223,Lisa,Marvin,lmarvin66@ucoz.ru,Female,84.194.9.80
224,Salvidor,Pirri,spirri67@reddit.com,Male,5.70.7.139
225,Lindsay,Codi,lcodi68@plala.or.jp,Female,26.216.61.158
226,Anthea,Croyser,acroyser69@cbslocal.com,Female,97.126.63.172
227,Karlan,Veryan,kveryan6a@elegantthemes.com,Male,241.7.89.214
228,Morse,Larkkem,mlarkkem6b@reddit.com,Male,142.76.238.9
229,Rochelle,Woodroofe,rwoodroofe6c@acquirethisname.com,Female,196.41.12.56
230,Salomo,Greatbank,sgreatbank6d@wiley.com,Male,25.239.94.37
231,Gae,Bentall,gbentall6e@tuttocitta.it,Female,107.186.100.165
232,Cinda,Mathey,cmathey6f@google.ca,Female,6.148.209.243
233,Maia,Leeburn,mleeburn6g@newyorker.com,Female,17.91.106.250
234,Michal,Sawers,msawers6h@virginia.edu,Male,25.155.67.165
235,Wallace,Elsley,welsley6i@google.com.au,Male,72.118.178.175
236,Leopold,Heald,lheald6j@paginegialle.it,Male,184.79.193.116
237,Sherie,Pedley,spedley6k@wp.com,Female,62.5.121.85
238,Corbin,Crawshay,ccrawshay6l@ow.ly,Male,234.162.233.24
239,Gardener,Wilmott,gwilmott6m@goo.gl,Male,60.166.25.52
240,Jarid,Goodier,jgoodier6n@taobao.com,Male,114.17.7.29
241,Evelin,Thornbarrow,ethornbarrow6o@vistaprint.com,Male,14.6.55.122
242,Ruben,Gitting,rgitting6p@tumblr.com,Male,179.70.229.164
243,Gal,Tovey,gtovey6q@qq.com,Male,220.65.46.112
244,Fidelio,Gue,fgue6r@blinklist.com,Male,101.15.82.88
245,Janean,Goodbarr,jgoodbarr6s@tumblr.com,Female,137.57.250.23
246,Tammi,Pickrell,tpickrell6t@parallels.com,Genderfluid,13.77.239.253
247,Blanca,Crighten,bcrighten6u@edublogs.org,Female,81.162.81.30
248,Milena,Blowne,mblowne6v@furl.net,Female,35.32.69.187
249,Car,Phelips,cphelips6w@altervista.org,Male,202.206.63.170
250,Bar,Sterrie,bsterrie6x@ow.ly,Male,111.216.152.232
251,Iosep,Dulany,idulany6y@csmonitor.com,Agender,115.130.88.225
252,Harwilll,Hendrickson,hhendrickson6z@acquirethisname.com,Male,115.0.150.79
253,Leena,McGrowther,lmcgrowther70@google.de,Female,12.156.72.237
254,Fergus,Johanssen,fjohanssen71@ibm.com,Male,157.197.125.194
255,Mia,Mucklow,mmucklow72@xrea.com,Female,229.54.61.81
256,Francklyn,Gives,fgives73@oracle.com,Male,255.213.214.122
257,Netty,Duffan,nduffan74@about.com,Female,19.72.82.104
258,Caralie,Liggett,cliggett75@phoca.cz,Female,161.156.146.225
259,Salli,Yeude,syeude76@1und1.de,Female,71.122.210.45
260,Hall,Georges,hgeorges77@discovery.com,Genderqueer,148.152.106.116
261,Arlyne,Sains,asains78@barnesandnoble.com,Female,61.23.131.66
262,Kaylil,Aronovitz,karonovitz79@google.com.br,Female,44.22.215.30
263,Anthe,Ashleigh,aashleigh7a@myspace.com,Female,3.20.63.179
264,Marian,Mease,mmease7b@cornell.edu,Female,73.38.35.181
265,Benjamin,Auchterlonie,bauchterlonie7c@sfgate.com,Male,158.253.97.55
266,Raynard,Haskett,rhaskett7d@forbes.com,Male,240.255.165.226
267,Nat,Tracy,ntracy7e@sciencedirect.com,Genderfluid,122.134.223.193
268,Libbey,Laminman,llaminman7f@theatlantic.com,Female,62.42.39.250
269,Cirillo,McGaughay,cmcgaughay7g@wikispaces.com,Male,170.108.72.143
270,Delmor,Woodstock,dwoodstock7h@timesonline.co.uk,Male,235.1.212.240
271,Bab,Firpo,bfirpo7i@cdbaby.com,Female,139.234.41.148
272,Ivor,Nassie,inassie7j@blog.com,Male,6.21.173.117
273,Jeri,Stud,jstud7k@amazon.com,Female,191.161.42.211
274,Linell,Tamburi,ltamburi7l@irs.gov,Female,58.42.193.51
275,Wallace,Kingshott,wkingshott7m@marketwatch.com,Male,219.222.124.68
276,Roddie,Kornes,rkornes7n@lycos.com,Male,206.26.181.192
277,Weidar,De-Ville,wdeville7o@netscape.com,Male,116.28.136.49
278,Thaine,Fawdry,tfawdry7p@google.com.hk,Male,2.202.247.17
279,Carie,Brewett,cbrewett7q@google.com.hk,Female,6.116.137.107
280,Kirstyn,Narramor,knarramor7r@cbc.ca,Female,25.210.15.235
281,Fransisco,Sayle,fsayle7s@shinystat.com,Male,152.2.184.56
282,Lorilee,Delooze,ldelooze7t@bigcartel.com,Female,128.223.80.44
283,Alasdair,Prew,aprew7u@narod.ru,Male,23.35.239.211
284,Beth,Ipsgrave,bipsgrave7v@indiatimes.com,Female,245.224.157.67
285,Rustie,Golding,rgolding7w@oracle.com,Male,201.129.175.193
286,Jase,Danes,jdanes7x@fda.gov,Male,77.111.101.81
287,Rabi,Blackie,rblackie7y@about.me,Male,245.63.132.197
288,Fernande,Umpleby,fumpleby7z@parallels.com,Female,117.110.186.206
289,Mandie,Sandeman,msandeman80@whitehouse.gov,Non-binary,231.210.148.101
290,Wallie,Moiser,wmoiser81@typepad.com,Male,114.145.12.234
291,Garwood,Viall,gviall82@google.com,Male,197.70.114.247
292,Hort,Kinloch,hkinloch83@infoseek.co.jp,Male,38.142.253.158
293,Vanni,Morrieson,vmorrieson84@usgs.gov,Female,45.121.50.126
294,Sutton,Yarrington,syarrington85@harvard.edu,Male,20.156.176.123
295,Connor,Bugge,cbugge86@tmall.com,Male,130.191.63.235
296,Daron,Smullen,dsmullen87@prnewswire.com,Female,24.170.62.112
297,Thaddeus,Audas,taudas88@arstechnica.com,Male,107.82.247.35
298,Micaela,Strathern,mstrathern89@mapy.cz,Female,20.83.19.250
299,Borden,Londsdale,blondsdale8a@mozilla.org,Male,208.51.104.190
300,Arch,Endle,aendle8b@globo.com,Male,10.113.168.40
301,Amii,Itzhak,aitzhak8c@technorati.com,Female,243.197.108.47
302,Marinna,Kingsford,mkingsford8d@hao123.com,Genderfluid,13.69.34.87
303,Albert,Stapells,astapells8e@phoca.cz,Male,225.245.14.243
304,Edmon,Neligan,eneligan8f@a8.net,Male,208.214.152.235
305,Davie,Exell,dexell8g@indiegogo.com,Male,8.131.128.229
306,Darryl,Heeron,dheeron8h@nsw.gov.au,Male,202.232.176.122
307,Milo,Hollingby,mhollingby8i@php.net,Male,242.150.119.193
308,Carmine,Gartside,cgartside8j@comsenz.com,Male,230.62.55.232
309,Horatio,Ponnsett,hponnsett8k@ustream.tv,Male,232.66.5.148
310,Dew,Robbs,drobbs8l@issuu.com,Male,115.189.8.166
311,Marve,Jorin,mjorin8m@berkeley.edu,Male,168.217.172.128
312,Jillayne,Mitrikhin,jmitrikhin8n@indiatimes.com,Female,144.35.48.105
313,Marji,Ecles,mecles8o@behance.net,Female,7.131.114.210
314,Sidoney,Penhallurick,spenhallurick8p@baidu.com,Female,234.23.17.254
315,Yolane,Malthouse,ymalthouse8q@theglobeandmail.com,Female,155.203.214.133
316,Magda,Oneile,moneile8r@whitehouse.gov,Female,73.143.122.223
317,Neron,Hawkwood,nhawkwood8s@altervista.org,Polygender,124.129.36.34
318,Shepard,Arnaut,sarnaut8t@gizmodo.com,Male,126.107.106.57
319,Mahala,Whitehorne,mwhitehorne8u@omniture.com,Female,168.145.210.211
320,Eulalie,Cowwell,ecowwell8v@fastcompany.com,Female,237.1.9.230
321,Pia,Harmston,pharmston8w@hp.com,Female,74.61.195.199
322,Fabiano,Jealous,fjealous8x@elpais.com,Male,180.115.54.45
323,Lanita,Rimmington,lrimmington8y@rambler.ru,Female,167.158.94.33
324,Patty,Tempest,ptempest8z@mac.com,Female,157.127.209.82
325,Nola,Gapp,ngapp90@ask.com,Female,117.132.54.1
326,Marylee,Kimblen,mkimblen91@chicagotribune.com,Female,197.115.130.189
327,Betsy,Niesing,bniesing92@boston.com,Female,101.107.203.85
328,Hazlett,Ronald,hronald93@discovery.com,Male,107.228.146.53
329,Gradeigh,Demke,gdemke94@cargocollective.com,Male,127.219.152.89
330,Traci,Tomkin,ttomkin95@gnu.org,Female,42.39.230.132
331,Ronny,Pilipyak,rpilipyak96@usa.gov,Female,198.150.238.33
332,Briant,Dog,bdog97@buzzfeed.com,Male,139.7.193.58
333,Ritchie,Revie,rrevie98@baidu.com,Agender,69.244.180.156
334,Perry,Cullinane,pcullinane99@businesswire.com,Genderfluid,211.149.47.9
335,Nehemiah,Allum,nallum9a@linkedin.com,Male,252.169.94.93
336,Niel,Town,ntown9b@nps.gov,Male,244.89.19.253
337,Nefen,Pendell,npendell9c@census.gov,Male,58.240.118.232
338,Chrissy,Claessens,cclaessens9d@adobe.com,Female,107.180.86.61
339,Geoffry,Hurt,ghurt9e@acquirethisname.com,Male,243.255.203.105
340,Junia,Franek,jfranek9f@mysql.com,Female,88.29.92.145
341,Ingelbert,Hadwen,ihadwen9g@java.com,Male,227.163.249.44
342,Inger,Aubrun,iaubrun9h@hexun.com,Male,138.163.78.55
343,Lona,Johanning,ljohanning9i@bloglines.com,Female,161.99.99.120
344,Caprice,Malarkey,cmalarkey9j@oracle.com,Female,21.37.17.153
345,Barr,Lupson,blupson9k@dailymail.co.uk,Male,232.223.188.56
346,Washington,Santry,wsantry9l@census.gov,Male,110.45.168.100
347,Winslow,Downgate,wdowngate9m@eventbrite.com,Male,156.255.223.247
348,Denny,Dine-Hart,ddinehart9n@taobao.com,Polygender,179.133.81.167
349,Cindelyn,Ballendine,cballendine9o@abc.net.au,Female,139.196.86.70
350,Gussi,Mallard,gmallard9p@answers.com,Female,126.225.2.15
351,Missy,Craven,mcraven9q@upenn.edu,Female,212.172.78.133
352,Teirtza,Christmas,tchristmas9r@opensource.org,Female,153.239.93.69
353,Candy,Faulkner,cfaulkner9s@macromedia.com,Female,40.39.39.62
354,Irving,Birchenough,ibirchenough9t@eepurl.com,Male,152.63.24.186
355,Leese,Eustis,leustis9u@bluehost.com,Female,119.150.63.49
356,Cornelia,Hasker,chasker9v@ebay.com,Genderqueer,181.154.1.232
357,D'arcy,Kunisch,dkunisch9w@umich.edu,Male,99.105.251.156
358,Prudi,Huguet,phuguet9x@e-recht24.de,Bigender,30.210.96.223
359,Myranda,Ivashov,mivashov9y@is.gd,Female,252.7.115.194
360,Gayleen,Leman,gleman9z@ovh.net,Genderqueer,15.114.245.151
361,Theodor,Ralton,traltona0@apache.org,Male,237.163.198.41
362,Andris,Conniam,aconniama1@kickstarter.com,Male,99.250.98.186
363,Kendricks,Cuchey,kcucheya2@ca.gov,Male,174.131.132.128
364,Claudette,Parfrey,cparfreya3@ucoz.ru,Female,40.23.238.57
365,Janot,Helks,jhelksa4@bing.com,Female,125.54.164.237
366,Maryrose,Mecozzi,mmecozzia5@abc.net.au,Female,201.13.3.220
367,Donnell,Tuny,dtunya6@nytimes.com,Male,213.238.17.254
368,Celesta,Gallifont,cgallifonta7@marketwatch.com,Female,192.126.63.131
369,Kaye,Izard,kizarda8@epa.gov,Female,25.230.95.244
370,Jessee,Stileman,jstilemana9@uiuc.edu,Male,147.236.163.204
371,Cedric,Hirschmann,chirschmannaa@addtoany.com,Genderqueer,31.132.90.233
372,Carolyne,Vaugham,cvaughamab@vinaora.com,Female,50.130.112.25
373,Abra,Hinckesman,ahinckesmanac@wired.com,Female,254.117.59.205
374,Sunshine,Persehouse,spersehousead@woothemes.com,Genderqueer,95.69.194.117
375,Eliot,Bussetti,ebussettiae@twitpic.com,Male,3.44.66.172
376,Hillyer,Carlill,hcarlillaf@uiuc.edu,Male,161.35.91.161
377,Jeri,Hagan,jhaganag@google.com.br,Female,74.101.86.138
378,Vanna,Ellershaw,vellershawah@nhs.uk,Female,47.127.168.179
379,Alleyn,Trimmell,atrimmellai@fastcompany.com,Male,60.94.105.163
380,Foss,Foulger,ffoulgeraj@nytimes.com,Male,202.255.177.34
381,Pamela,Harrowing,pharrowingak@163.com,Non-binary,24.178.134.197
382,Chadwick,Arbuckel,carbuckelal@wiley.com,Male,61.241.110.174
383,Michelina,Kopisch,mkopischam@mtv.com,Female,238.65.239.36
384,Olivier,Garforth,ogarforthan@odnoklassniki.ru,Male,24.80.209.29
385,Lauri,Kunkler,lkunklerao@wp.com,Female,251.253.2.171
386,Ogdan,Faldoe,ofaldoeap@springer.com,Male,171.47.96.36
387,Jodi,Ducker,jduckeraq@indiegogo.com,Male,97.207.210.206
388,Garrard,Drees,gdreesar@biblegateway.com,Male,202.45.133.132
389,Geno,Santus,gsantusas@admin.ch,Male,242.69.49.122
390,Lucretia,Strettle,lstrettleat@engadget.com,Female,158.94.35.115
391,Dorelia,Raithbie,draithbieau@trellian.com,Female,228.23.8.71
392,Roley,Rosthorn,rrosthornav@youtube.com,Genderfluid,37.51.50.42
393,Claudette,Pryce,cpryceaw@usgs.gov,Female,156.57.95.135
394,Shelby,Gerrish,sgerrishax@wikia.com,Male,104.148.241.157
395,Adey,Trayford,atrayforday@ovh.net,Female,128.232.22.120
396,Jerrold,Saenz,jsaenzaz@webeden.co.uk,Male,228.62.88.213
397,Katinka,Leroux,klerouxb0@list-manage.com,Female,168.243.251.160
398,Maybelle,Di Dello,mdidellob1@ifeng.com,Female,200.175.236.89
399,Arden,Wildey,awildeyb2@dagondesign.com,Female,218.83.197.210
400,Gaelan,Tyler,gtylerb3@dyndns.org,Agender,170.70.102.104
401,Paddie,De Vaar,pdevaarb4@japanpost.jp,Male,143.137.216.20
402,Sayre,Vigrass,svigrassb5@google.co.uk,Male,229.123.250.1
403,Inigo,Storkes,istorkesb6@friendfeed.com,Male,121.189.149.83
404,Nicko,Scurfield,nscurfieldb7@aboutads.info,Male,245.162.140.238
405,Barrie,Langsdon,blangsdonb8@who.int,Female,137.25.169.3
406,Emmye,Jordan,ejordanb9@nytimes.com,Female,230.157.90.124
407,Judah,Neubigin,jneubiginba@hatena.ne.jp,Male,231.77.77.178
408,Pall,Sustin,psustinbb@hugedomains.com,Male,63.119.162.61
409,Beth,Chardin,bchardinbc@amazon.de,Agender,70.13.253.82
410,Wittie,Bosden,wbosdenbd@geocities.com,Male,10.127.80.145
411,Kayne,Wintringham,kwintringhambe@blogtalkradio.com,Male,252.84.48.26
412,Morlee,Flobert,mflobertbf@goodreads.com,Male,42.52.73.252
413,Darn,Palle,dpallebg@skyrock.com,Genderqueer,153.142.183.230
414,Gabbie,Domaschke,gdomaschkebh@webeden.co.uk,Male,103.9.49.217
415,Joni,Dowson,jdowsonbi@soup.io,Female,92.214.219.69
416,Goldi,Nafzger,gnafzgerbj@lycos.com,Female,143.41.83.25
417,Mimi,Krelle,mkrellebk@wordpress.com,Non-binary,226.156.151.178
418,Jaclyn,Manclark,jmanclarkbl@desdev.cn,Female,88.145.122.23
419,Danica,Husselbee,dhusselbeebm@discovery.com,Female,176.66.24.120
420,Raphael,Vautin,rvautinbn@nyu.edu,Male,230.61.196.0
421,Kala,Grewcock,kgrewcockbo@google.it,Female,65.56.65.229
422,Ira,Clerke,iclerkebp@yahoo.com,Female,62.150.70.81
423,Donovan,Glasscoe,dglasscoebq@jiathis.com,Male,183.79.182.240
424,Mickey,Scading,mscadingbr@springer.com,Male,145.177.248.200
425,Charmine,Jenking,cjenkingbs@princeton.edu,Female,102.217.73.243
426,Kim,Minguet,kminguetbt@hibu.com,Female,194.136.68.245
427,Normand,Domenget,ndomengetbu@amazon.de,Male,206.37.193.247
428,Gianina,Castellan,gcastellanbv@i2i.jp,Female,96.178.113.253
429,Aile,Messruther,amessrutherbw@ox.ac.uk,Female,125.158.11.144
430,Goraud,Bastiman,gbastimanbx@myspace.com,Male,110.27.202.152
431,Harriett,Ishchenko,hishchenkoby@163.com,Female,70.253.183.74
432,Bryana,Cluley,bcluleybz@wordpress.org,Female,113.179.110.85
433,Pamella,Reynalds,preynaldsc0@nytimes.com,Female,140.93.46.104
434,Myron,Barkworth,mbarkworthc1@tinypic.com,Male,207.166.68.237
435,Rianon,Christmas,rchristmasc2@tinyurl.com,Female,128.85.120.22
436,Trude,Bernardon,tbernardonc3@disqus.com,Female,98.150.12.94
437,Morgun,Albro,malbroc4@posterous.com,Male,235.109.69.255
438,Annie,Heam,aheamc5@harvard.edu,Female,21.39.181.190
439,Paten,McKitterick,pmckitterickc6@behance.net,Genderfluid,20.180.36.194
440,Enrique,Pretorius,epretoriusc7@moonfruit.com,Male,60.153.51.186
441,Federico,Sandys,fsandysc8@spotify.com,Male,97.1.252.126
442,Flinn,Hayward,fhaywardc9@drupal.org,Male,187.202.91.66
443,Bebe,Grishankov,bgrishankovca@forbes.com,Female,51.221.37.61
444,Bernard,Pomroy,bpomroycb@nationalgeographic.com,Male,203.0.38.213
445,Xenia,Jonas,xjonascc@toplist.cz,Female,181.50.110.70
446,Tandi,Linnemann,tlinnemanncd@mozilla.com,Female,65.116.16.89
447,Carin,Ledes,cledesce@tripadvisor.com,Female,162.126.76.34
448,Alfredo,Currin,acurrincf@amazon.de,Male,20.189.18.158
449,Josefa,Sparling,jsparlingcg@phpbb.com,Female,37.30.233.236
450,Jemmy,Jervoise,jjervoisech@stumbleupon.com,Female,107.55.39.128
451,Livvy,Dunderdale,ldunderdaleci@hc360.com,Female,66.232.242.59
452,Teriann,Pinches,tpinchescj@fotki.com,Female,131.123.1.97
453,Maura,Taylerson,mtaylersonck@theglobeandmail.com,Female,84.163.211.127
454,Sheeree,Crookshank,scrookshankcl@baidu.com,Female,126.70.198.3
455,Rodrique,Claricoates,rclaricoatescm@blogs.com,Male,88.61.207.110
456,Woody,Skettles,wskettlescn@typepad.com,Male,244.95.78.129
457,Dorette,Headey,dheadeyco@ebay.co.uk,Female,4.45.188.146
458,Sabine,Garbett,sgarbettcp@desdev.cn,Genderqueer,142.223.41.130
459,Quincey,Sirkett,qsirkettcq@flickr.com,Male,22.236.106.106
460,Mallory,Briar,mbriarcr@hud.gov,Male,106.246.6.206
461,Celestine,Tatlow,ctatlowcs@businessinsider.com,Female,15.249.35.241
462,Veronique,Rase,vrasect@macromedia.com,Female,208.64.108.175
463,Bertine,Stimpson,bstimpsoncu@prlog.org,Female,143.218.242.138
464,Terrance,Kingsnode,tkingsnodecv@wsj.com,Male,13.146.21.84
465,Bertrando,Shakespear,bshakespearcw@weather.com,Male,109.202.92.39
466,Ximenes,Bellocht,xbellochtcx@weather.com,Male,4.148.9.231
467,Tracie,Skevington,tskevingtoncy@goodreads.com,Male,225.40.197.116
468,Rip,Maccree,rmaccreecz@123-reg.co.uk,Male,63.21.116.63
469,Willetta,Burdell,wburdelld0@exblog.jp,Female,250.107.114.83
470,Dulce,Otson,dotsond1@livejournal.com,Female,177.57.79.52
471,Tally,Gelly,tgellyd2@youtube.com,Male,132.2.121.18
472,Alva,Tordiffe,atordiffed3@reverbnation.com,Male,21.123.56.232
473,Tamma,Collocott,tcollocottd4@twitpic.com,Female,245.6.250.175
474,Fanchette,Grimsell,fgrimselld5@wikipedia.org,Female,132.42.196.195
475,Devinne,Prinett,dprinettd6@storify.com,Female,105.220.166.166
476,Roz,Barrett,rbarrettd7@wordpress.com,Female,132.200.92.152
477,Esdras,Dinwoodie,edinwoodied8@accuweather.com,Male,7.129.136.114
478,Devin,Boag,dboagd9@narod.ru,Female,44.46.162.54
479,Scotty,Eckersley,seckersleyda@ifeng.com,Male,251.162.112.53
480,Leticia,Penhalurick,lpenhalurickdb@time.com,Female,104.135.128.180
481,Xylia,Aspall,xaspalldc@ow.ly,Female,250.52.59.81
482,Ulrick,Draayer,udraayerdd@google.com.au,Male,0.213.179.129
483,Tamas,Dellow,tdellowde@over-blog.com,Male,48.30.231.152
484,Thain,Braithwait,tbraithwaitdf@dropbox.com,Male,68.243.245.43
485,Ker,Kless,kklessdg@booking.com,Bigender,190.51.158.17
486,Margit,Meader,mmeaderdh@addtoany.com,Female,178.219.207.24
487,Dave,Hucknall,dhucknalldi@wp.com,Male,186.110.21.216
488,Jesus,McCurt,jmccurtdj@adobe.com,Male,35.152.29.95
489,Junia,Espinet,jespinetdk@weebly.com,Female,206.110.141.205
490,Ikey,Crux,icruxdl@phpbb.com,Male,60.97.89.221
491,Tracey,Kaaskooper,tkaaskooperdm@spotify.com,Female,42.167.21.3
492,Eloisa,Ziebart,eziebartdn@icio.us,Female,42.218.44.17
493,Si,Rosengart,srosengartdo@google.com.hk,Agender,1.193.64.15
494,Astra,Pautot,apautotdp@trellian.com,Female,83.80.82.110
495,Janeczka,Stoppard,jstopparddq@wikispaces.com,Female,86.11.97.183
496,Tomasina,Sudran,tsudrandr@google.cn,Female,80.242.51.69
497,Thomasina,Snary,tsnaryds@businessinsider.com,Female,53.233.147.207
498,Bearnard,Dedman,bdedmandt@reverbnation.com,Male,97.167.64.237
499,Grayce,Yuryatin,gyuryatindu@live.com,Female,156.106.107.249
500,Cleopatra,Boultwood,cboultwooddv@youtube.com,Female,166.214.151.33
501,Domenico,Hallbord,dhallborddw@google.cn,Male,64.34.66.87
502,Lazarus,Alf,lalfdx@a8.net,Male,86.37.254.25
503,Shanie,Meach,smeachdy@reuters.com,Female,100.22.70.75
504,Siana,Hayman,shaymandz@jimdo.com,Female,178.250.151.81
505,Eric,Manns,emannse0@phoca.cz,Male,126.69.199.93
506,Tremain,Fleet,tfleete1@wisc.edu,Agender,54.70.76.43
507,Antonietta,Davidsohn,adavidsohne2@t.co,Female,194.32.197.87
508,Gabriela,Delmonti,gdelmontie3@cbc.ca,Female,62.127.1.186
509,Svend,Slewcock,sslewcocke4@npr.org,Male,224.140.15.69
510,Wilbert,Lapley,wlapleye5@harvard.edu,Male,162.76.127.191
511,Balduin,Peal,bpeale6@printfriendly.com,Male,153.95.236.133
512,Rasla,Looker,rlookere7@engadget.com,Female,207.26.44.31
513,Sherye,Broxton,sbroxtone8@shop-pro.jp,Female,250.185.79.214
514,Gwennie,Masterman,gmastermane9@businessinsider.com,Non-binary,225.60.134.32
515,Westley,Petric,wpetricea@github.io,Male,6.200.241.235
516,Dieter,Steketee,dsteketeeeb@bloomberg.com,Male,180.24.162.128
517,Elayne,Bradly,ebradlyec@hao123.com,Female,82.111.39.62
518,Pate,Muldownie,pmuldownieed@harvard.edu,Male,228.56.128.44
519,Frank,Dillinton,fdillintonee@skyrock.com,Female,91.83.23.20
520,Ernestine,Cavaney,ecavaneyef@cpanel.net,Genderqueer,219.71.50.94
521,Errick,Desesquelle,edesesquelleeg@google.com.hk,Polygender,194.31.95.211
522,Hilary,Boyer,hboyereh@noaa.gov,Female,247.236.157.87
523,Northrop,Slevin,nslevinei@uol.com.br,Male,236.237.139.101
524,Say,Hanley,shanleyej@angelfire.com,Male,150.42.36.147
525,Cthrine,Perrottet,cperrottetek@answers.com,Female,101.165.71.187
526,Nancey,Ramsby,nramsbyel@arstechnica.com,Female,96.59.107.77
527,Jasun,Rowes,jrowesem@guardian.co.uk,Male,192.173.108.160
528,Babs,Arkcoll,barkcollen@addtoany.com,Female,241.222.86.86
529,Stafford,Mertin,smertineo@reverbnation.com,Male,150.40.0.171
530,Vyky,Tole,vtoleep@simplemachines.org,Female,251.187.116.75
531,Pacorro,Meagher,pmeaghereq@addtoany.com,Male,173.210.218.198
532,Phip,Bridgement,pbridgementer@chronoengine.com,Male,231.53.142.153
533,Torin,Hackleton,thackletones@youku.com,Male,153.133.149.203
534,Arlinda,Lennard,alennardet@4shared.com,Female,10.242.16.252
535,Zolly,Grancher,zgranchereu@paginegialle.it,Male,81.39.171.142
536,Elden,Beatens,ebeatensev@timesonline.co.uk,Male,48.51.27.51
537,Morly,Rasp,mraspew@cdc.gov,Male,207.235.198.221
538,Bradan,Hug,bhugex@sbwire.com,Male,98.247.201.29
539,Mischa,Sleeford,msleefordey@moonfruit.com,Male,154.124.115.10
540,Ashlen,Chasteau,achasteauez@engadget.com,Female,129.197.46.159
541,Fancie,Weippert,fweippertf0@g.co,Female,168.53.171.50
542,Winthrop,Frodsham,wfrodshamf1@amazonaws.com,Male,192.59.136.82
543,Candide,Lerhinan,clerhinanf2@mlb.com,Female,216.51.124.246
544,Steven,Cutforth,scutforthf3@ezinearticles.com,Male,233.174.22.247
545,Garreth,Lethby,glethbyf4@instagram.com,Male,231.64.92.66
546,Darice,Schinetti,dschinettif5@home.pl,Female,212.85.52.155
547,Goldarina,Kinney,gkinneyf6@ustream.tv,Female,18.211.247.35
548,Arlena,Coolahan,acoolahanf7@google.nl,Female,19.93.195.77
549,Sherye,Kingescot,skingescotf8@seesaa.net,Female,221.218.53.153
550,Michal,Wrigglesworth,mwrigglesworthf9@weebly.com,Male,198.154.224.57
551,Zorana,Chart,zchartfa@wisc.edu,Female,185.56.97.141
552,Reidar,Bollum,rbollumfb@comsenz.com,Male,126.158.222.142
553,Whitby,Walcar,wwalcarfc@tripod.com,Male,108.226.112.53
554,Jeremy,Champness,jchampnessfd@vinaora.com,Male,203.177.153.248
555,Mellie,Clail,mclailfe@sitemeter.com,Female,153.131.169.52
556,Hanna,Grigorushkin,hgrigorushkinff@xing.com,Female,35.70.50.156
557,Sancho,holmes,sholmesfg@miibeian.gov.cn,Male,72.142.164.181
558,Elnar,Danilowicz,edanilowiczfh@amazon.com,Male,184.27.238.231
559,Bald,Naile,bnailefi@wired.com,Male,5.46.213.163
560,Silvan,Cymper,scymperfj@t-online.de,Male,111.50.35.193
561,Martynne,Marvelley,mmarvelleyfk@myspace.com,Female,153.135.139.171
562,Ruthy,Duny,rdunyfl@ted.com,Female,193.58.138.100
563,Pascale,Turri,pturrifm@forbes.com,Male,229.174.90.33
564,Glenn,Cullinan,gcullinanfn@mayoclinic.com,Female,92.66.20.153
565,Krista,Meriton,kmeritonfo@reuters.com,Female,156.112.88.142
566,Tamqrah,Vizor,tvizorfp@time.com,Female,101.163.195.239
567,Noe,McVitty,nmcvittyfq@tinypic.com,Male,63.175.86.198
568,Caye,Cusack,ccusackfr@youtu.be,Female,122.94.53.225
569,Maximilianus,McAndie,mmcandiefs@tinyurl.com,Male,184.106.76.230
570,Kacie,Salvadori,ksalvadorift@tinypic.com,Female,20.156.191.252
571,Gaylor,Cheng,gchengfu@ihg.com,Male,238.84.221.109
572,Dehlia,Wadie,dwadiefv@bizjournals.com,Female,128.126.57.79
573,Price,Yoskowitz,pyoskowitzfw@nih.gov,Male,253.215.17.180
574,Ursola,Gabbatt,ugabbattfx@amazon.com,Female,209.43.240.77
575,Murdock,Bardey,mbardeyfy@patch.com,Genderfluid,142.68.167.177
576,Byran,Parkman,bparkmanfz@comsenz.com,Male,134.195.91.229
577,Nelly,Gatward,ngatwardg0@elegantthemes.com,Female,252.165.144.113
578,Joane,Coop,jcoopg1@samsung.com,Female,229.199.171.235
579,Elena,Baly,ebalyg2@dagondesign.com,Female,53.19.137.222
580,Abran,King,akingg3@naver.com,Male,249.24.233.17
581,Kimmie,Horrod,khorrodg4@deviantart.com,Female,76.116.229.127
582,Babb,Nern,bnerng5@xinhuanet.com,Female,242.193.204.160
583,Hartley,Jedrys,hjedrysg6@wsj.com,Male,69.206.216.178
584,Igor,Walsh,iwalshg7@dailymotion.com,Male,215.170.167.115
585,Kathryn,Fellows,kfellowsg8@census.gov,Female,228.32.141.224
586,Kynthia,Westgarth,kwestgarthg9@blogtalkradio.com,Female,46.210.15.163
587,Ford,Brisker,fbriskerga@cdc.gov,Male,25.214.205.73
588,Corbett,Peirazzi,cpeirazzigb@chicagotribune.com,Male,189.167.30.208
589,Blaine,Guymer,bguymergc@xinhuanet.com,Male,33.202.222.51
590,Angelico,Jakeway,ajakewaygd@blogger.com,Male,153.144.16.225
591,Crosby,Vickress,cvickressge@over-blog.com,Male,190.190.224.170
592,Lauritz,Troak,ltroakgf@dell.com,Male,61.206.168.146
593,Fabien,Skeels,fskeelsgg@arstechnica.com,Male,79.46.28.104
594,Sacha,Lopes,slopesgh@bizjournals.com,Female,245.185.77.194
595,Shara,Kayser,skaysergi@mashable.com,Female,86.47.124.222
596,Hattie,Curtis,hcurtisgj@disqus.com,Female,153.211.252.127
597,Ashley,Louisot,alouisotgk@slideshare.net,Female,107.65.10.62
598,Ron,Wyard,rwyardgl@sohu.com,Male,89.63.199.90
599,Reese,Arundell,rarundellgm@pcworld.com,Male,121.126.152.38
600,Forrest,Matzl,fmatzlgn@tiny.cc,Male,26.239.248.40
601,Jocelyn,Ailward,jailwardgo@weather.com,Female,126.188.112.202
602,Derward,Ritchings,dritchingsgp@amazon.co.jp,Male,176.161.228.184
603,Arlan,Jenteau,ajenteaugq@newsvine.com,Male,188.76.35.220
604,Brook,Trevarthen,btrevarthengr@ca.gov,Female,247.190.131.250
605,Consalve,Dodson,cdodsongs@hubpages.com,Male,101.76.54.150
606,Adelaida,Latchmore,alatchmoregt@epa.gov,Polygender,238.191.216.2
607,Daren,Housden,dhousdengu@list-manage.com,Male,7.128.220.59
608,Maison,Ciani,mcianigv@cmu.edu,Non-binary,109.99.49.75
609,Mariam,Bryde,mbrydegw@yellowbook.com,Female,104.78.16.212
610,Halette,Auton,hautongx@behance.net,Female,160.36.150.211
611,Ag,Dyka,adykagy@tmall.com,Female,77.45.93.78
612,Boonie,Citrine,bcitrinegz@adobe.com,Male,164.155.243.195
613,Lynn,Delhay,ldelhayh0@smh.com.au,Male,4.8.87.120
614,Selestina,Figgen,sfiggenh1@soup.io,Female,23.64.27.220
615,Herculie,Leipold,hleipoldh2@cargocollective.com,Male,175.245.61.162
616,Lorrayne,Muglestone,lmuglestoneh3@webs.com,Female,39.102.179.66
617,Gabbey,Mathie,gmathieh4@bloomberg.com,Female,108.35.102.68
618,Lea,Stopford,lstopfordh5@jimdo.com,Female,118.241.49.145
619,Lucas,Van der Beek,lvanderbeekh6@jiathis.com,Male,210.77.117.146
620,Hollis,Riddock,hriddockh7@aol.com,Male,104.81.251.147
621,Reinaldo,Brashier,rbrashierh8@nih.gov,Bigender,113.92.91.75
622,Rodolfo,Maryon,rmaryonh9@illinois.edu,Male,226.99.89.180
623,Pierette,Deacon,pdeaconha@xinhuanet.com,Female,233.175.79.8
624,Haven,Ireland,hirelandhb@nature.com,Male,158.216.241.6
625,Susi,Goodnow,sgoodnowhc@wunderground.com,Female,110.135.168.77
626,Renelle,Tipperton,rtippertonhd@phoca.cz,Female,58.78.92.215
627,Bette-ann,Di Domenico,bdidomenicohe@aol.com,Female,0.233.186.170
628,Dael,Bedborough,dbedboroughhf@ibm.com,Male,59.183.45.156
629,Graig,Hamly,ghamlyhg@stanford.edu,Male,172.64.81.214
630,Marcie,Patley,mpatleyhh@illinois.edu,Female,167.49.116.31
631,Salomo,De Roberto,sderobertohi@sfgate.com,Male,143.106.120.207
632,Ilario,Goss,igosshj@gravatar.com,Male,149.209.118.4
633,Roley,Weiser,rweiserhk@t.co,Male,96.202.147.20
634,Mikaela,Balderston,mbalderstonhl@thetimes.co.uk,Female,252.72.156.102
635,Katerine,Beckerleg,kbeckerleghm@networkadvertising.org,Female,62.250.25.141
636,Violet,Eastlake,veastlakehn@time.com,Female,126.13.242.102
637,Lanie,Mease,lmeaseho@nationalgeographic.com,Female,123.116.140.158
638,Trenton,Sneath,tsneathhp@toplist.cz,Male,245.243.91.247
639,Orin,Rein,oreinhq@prweb.com,Male,80.12.180.7
640,Harmonia,Janout,hjanouthr@dedecms.com,Polygender,4.91.99.21
641,Jolee,Mouser,jmouserhs@microsoft.com,Female,248.52.112.192
642,Joelle,McLean,jmcleanht@hostgator.com,Female,52.71.71.28
643,Erich,Grandin,egrandinhu@alexa.com,Male,209.222.10.83
644,Max,Brown,mbrownhv@reference.com,Male,4.150.28.13
645,Rebecca,Rittelmeyer,rrittelmeyerhw@fema.gov,Female,30.117.184.91
646,Roobbie,Candlish,rcandlishhx@wordpress.org,Female,137.213.11.105
647,Lindsey,Cherryman,lcherrymanhy@msu.edu,Male,245.113.118.141
648,Hilarius,Emanuele,hemanuelehz@ebay.com,Male,72.50.123.222
649,Delmer,Otham,dothami0@mashable.com,Male,203.65.224.161
650,Aloin,Filippov,afilippovi1@ox.ac.uk,Male,161.27.239.1
651,Merry,Sambidge,msambidgei2@biglobe.ne.jp,Genderfluid,81.87.252.210
652,Arluene,Windous,awindousi3@hexun.com,Female,126.108.77.33
653,Charmain,Parkisson,cparkissoni4@geocities.jp,Female,11.78.177.112
654,Brina,Peller,bpelleri5@cafepress.com,Female,166.63.80.146
655,Hermann,Darnborough,hdarnboroughi6@jimdo.com,Male,57.242.29.197
656,Riannon,Monro,rmonroi7@businessweek.com,Female,63.219.34.63
657,Kendell,Loosemore,kloosemorei8@clickbank.net,Male,184.70.18.142
658,Lukas,Cogger,lcoggeri9@woothemes.com,Male,52.26.162.53
659,Dayna,Lowndsbrough,dlowndsbroughia@delicious.com,Polygender,175.69.122.185
660,Halimeda,Matkin,hmatkinib@weather.com,Female,172.12.136.150
661,Vere,Dillet,vdilletic@hubpages.com,Female,68.163.40.38
662,Ariela,Glisenan,aglisenanid@ox.ac.uk,Female,133.37.57.15
663,Garret,Rolfo,grolfoie@youku.com,Male,19.114.207.89
664,Yalonda,Marfell,ymarfellif@auda.org.au,Female,160.110.203.152
665,Jaymee,Fortesquieu,jfortesquieuig@microsoft.com,Female,44.107.187.227
666,Juanita,Camelia,jcameliaih@acquirethisname.com,Female,59.109.234.195
667,Emelyne,Heintz,eheintzii@privacy.gov.au,Female,185.1.27.4
668,Norene,Burnsyde,nburnsydeij@usgs.gov,Female,1.16.34.225
669,Darin,Tyer,dtyerik@spiegel.de,Male,178.174.212.189
670,Brier,Gately,bgatelyil@twitpic.com,Female,194.209.187.188
671,Steven,Alessandrelli,salessandrelliim@baidu.com,Male,89.155.237.170
672,Kellyann,Pass,kpassin@dedecms.com,Female,164.129.84.121
673,Salomon,Le Leu,sleleuio@usda.gov,Male,101.59.250.217
674,Papageno,McWhinnie,pmcwhinnieip@ihg.com,Male,47.110.63.160
675,Almira,Peyes,apeyesiq@pagesperso-orange.fr,Female,171.255.169.168
676,Perry,Trudgeon,ptrudgeonir@businessinsider.com,Female,103.20.72.17
677,Shaylynn,Dobbing,sdobbingis@twitpic.com,Female,182.251.127.91
678,Foss,Daines,fdainesit@dion.ne.jp,Male,201.68.18.9
679,Bald,Roddam,broddamiu@state.gov,Male,75.67.46.211
680,Artemas,Flemmich,aflemmichiv@cocolog-nifty.com,Male,167.208.102.218
681,Gasparo,Hurley,ghurleyiw@t.co,Male,101.195.233.123
682,Town,Hedgeley,thedgeleyix@istockphoto.com,Male,102.193.28.252
683,Jonie,Loker,jlokeriy@state.gov,Polygender,191.66.17.162
684,Benji,Watman,bwatmaniz@sciencedirect.com,Male,217.4.33.205
685,Lance,Ortells,lortellsj0@wikipedia.org,Male,34.43.111.15
686,Tracey,Sture,tsturej1@blinklist.com,Female,171.191.210.161
687,Shelton,Alliberton,sallibertonj2@sphinn.com,Male,160.172.107.81
688,Alberto,Cavee,acaveej3@epa.gov,Male,104.242.216.19
689,Tommi,Haining,thainingj4@linkedin.com,Female,99.38.163.43
690,Lorinda,Swayton,lswaytonj5@vk.com,Female,112.51.38.146
691,Matilda,Vesty,mvestyj6@wisc.edu,Female,108.80.49.188
692,Killie,Gent,kgentj7@drupal.org,Male,205.100.121.106
693,Archer,Presho,apreshoj8@hp.com,Male,187.35.6.183
694,Krystal,todor,ktodorj9@booking.com,Female,24.45.241.170
695,Arv,Lowden,alowdenja@trellian.com,Male,226.227.103.66
696,Mikel,Buick,mbuickjb@biblegateway.com,Male,171.56.147.40
697,Courtenay,Wellstood,cwellstoodjc@chronoengine.com,Female,14.66.134.218
698,Dionisio,Guillet,dguilletjd@mtv.com,Male,118.153.222.181
699,Esteban,Lake,elakeje@cloudflare.com,Male,41.3.166.47
700,Augusto,Christofor,achristoforjf@youtube.com,Male,160.1.88.60
701,Tammi,Banton,tbantonjg@jalbum.net,Female,136.211.243.47
702,Peggi,Bransby,pbransbyjh@flickr.com,Female,218.54.61.183
703,Tome,Rawet,trawetji@myspace.com,Male,154.185.113.29
704,Hinda,Potkins,hpotkinsjj@1688.com,Female,63.185.62.194
705,Bren,Codman,bcodmanjk@mtv.com,Female,164.172.229.113
706,Lainey,McGraffin,lmcgraffinjl@youtu.be,Female,170.158.141.241
707,Eberhard,Brookes,ebrookesjm@google.ru,Male,26.230.67.22
708,Darb,Veighey,dveigheyjn@youtube.com,Agender,113.157.69.74
709,Briant,Cadden,bcaddenjo@cam.ac.uk,Male,152.107.232.31
710,Herculie,Jiracek,hjiracekjp@imageshack.us,Male,121.94.204.177
711,Adele,Caldicott,acaldicottjq@alexa.com,Female,82.120.96.162
712,Patton,Warrington,pwarringtonjr@noaa.gov,Male,244.227.198.244
713,Odie,Houldin,ohouldinjs@wikipedia.org,Male,13.222.152.127
714,Erek,Glancey,eglanceyjt@edublogs.org,Male,103.109.197.155
715,Brook,Jest,bjestju@marriott.com,Female,208.128.125.116
716,Kris,Cutforth,kcutforthjv@wufoo.com,Male,83.163.198.113
717,Ilario,Schooley,ischooleyjw@ocn.ne.jp,Male,182.103.46.207
718,Boy,Mousley,bmousleyjx@paypal.com,Male,57.178.62.36
719,Terencio,Buggy,tbuggyjy@webs.com,Polygender,143.250.111.236
720,Riva,Bonwick,rbonwickjz@telegraph.co.uk,Female,153.172.114.119
721,Carter,Waby,cwabyk0@bluehost.com,Male,42.87.107.217
722,Franzen,Ollander,follanderk1@yahoo.co.jp,Male,61.50.213.134
723,Ingeberg,Fedoronko,ifedoronkok2@sohu.com,Bigender,169.1.184.68
724,Madalyn,Joust,mjoustk3@shareasale.com,Genderqueer,254.80.32.222
725,Morie,O'Hartnedy,mohartnedyk4@vk.com,Male,215.144.234.130
726,Lutero,McInteer,lmcinteerk5@mozilla.com,Polygender,55.206.39.69
727,Viki,Riddlesden,vriddlesdenk6@microsoft.com,Female,167.123.103.179
728,Whittaker,Hawarden,whawardenk7@huffingtonpost.com,Male,34.11.14.163
729,Ellswerth,Jeffcoate,ejeffcoatek8@weather.com,Non-binary,111.171.153.137
730,Nelli,Felgate,nfelgatek9@storify.com,Female,172.217.141.218
731,Artemis,Pettman,apettmanka@ebay.co.uk,Male,131.209.24.162
732,Gus,Paddell,gpaddellkb@rambler.ru,Male,123.111.235.253
733,Oriana,Lehrer,olehrerkc@sbwire.com,Female,37.102.234.181
734,Ula,Lyosik,ulyosikkd@gizmodo.com,Female,75.93.234.190
735,Gallard,Adrain,gadrainke@chron.com,Male,174.98.77.117
736,Rockie,Bonaire,rbonairekf@ocn.ne.jp,Male,196.23.153.2
737,Jenica,Togher,jtogherkg@ow.ly,Female,101.104.172.127
738,Jedidiah,Cruse,jcrusekh@desdev.cn,Male,228.253.86.95
739,Jonah,Palk,jpalkki@google.it,Male,193.105.44.111
740,Jae,Minocchi,jminocchikj@hostgator.com,Male,124.198.3.66
741,Ara,Hurford,ahurfordkk@cisco.com,Female,78.134.72.136
742,Barn,Pashen,bpashenkl@ucoz.com,Male,250.169.45.232
743,Nari,Cottham,ncotthamkm@ihg.com,Female,114.234.119.59
744,Hermie,Joul,hjoulkn@feedburner.com,Male,15.145.196.70
745,Gregg,Persey,gperseyko@oaic.gov.au,Male,47.139.3.245
746,Giana,Glasscoe,gglasscoekp@huffingtonpost.com,Female,169.146.49.84
747,Keefer,Ferschke,kferschkekq@gnu.org,Male,59.176.79.53
748,Maribelle,Conrart,mconrartkr@archive.org,Female,176.168.119.117
749,Abbey,Carde,acardeks@google.com,Male,34.76.219.75
750,Blakeley,De Zamudio,bdezamudiokt@skype.com,Female,250.103.233.49
751,Leontyne,Ayton,laytonku@fema.gov,Female,205.17.23.2
752,Odele,Lanceter,olanceterkv@mysql.com,Female,96.42.186.103
753,Laurena,Tysack,ltysackkw@sciencedaily.com,Female,161.250.65.171
754,Terese,Janca,tjancakx@google.com.au,Female,66.139.170.154
755,Scotty,Warner,swarnerky@w3.org,Male,86.249.33.168
756,Gretchen,Banthorpe,gbanthorpekz@oracle.com,Female,23.41.242.27
757,Winne,Rushmare,wrushmarel0@wsj.com,Female,18.100.201.196
758,Jeramie,Cochet,jcochetl1@japanpost.jp,Male,153.145.185.92
759,Vilma,Willmett,vwillmettl2@unicef.org,Female,254.22.150.254
760,Zahara,Eacle,zeaclel3@who.int,Polygender,117.254.208.94
761,Sheree,Major,smajorl4@yahoo.co.jp,Agender,195.56.132.229
762,Angeline,Capnerhurst,acapnerhurstl5@cornell.edu,Female,238.161.174.242
763,Christina,Manolov,cmanolovl6@fastcompany.com,Female,246.159.123.105
764,Wynny,Rizzillo,wrizzillol7@census.gov,Female,0.212.80.101
765,Corrie,Downage,cdownagel8@msu.edu,Male,174.10.240.155
766,Madge,Aiskovitch,maiskovitchl9@theguardian.com,Female,143.65.137.33
767,Thain,Pittle,tpittlela@theglobeandmail.com,Male,121.60.72.78
768,Harriett,Heyward,hheywardlb@seattletimes.com,Female,62.2.192.27
769,Farris,Youthead,fyoutheadlc@technorati.com,Male,114.72.101.33
770,Edan,Gudgion,egudgionld@ibm.com,Male,146.216.103.177
771,Zebulon,Cosley,zcosleyle@odnoklassniki.ru,Male,74.164.142.254
772,Shay,Bonsul,sbonsullf@example.com,Male,187.185.144.101
773,Ranice,Hinnerk,rhinnerklg@cloudflare.com,Female,127.110.127.164
774,Odilia,Goodee,ogoodeelh@wikipedia.org,Female,20.96.119.54
775,Raquel,Ruston,rrustonli@mail.ru,Female,253.199.103.224
776,Paulie,Storrock,pstorrocklj@quantcast.com,Male,79.181.159.80
777,Robinette,Peiser,rpeiserlk@house.gov,Female,70.211.47.234
778,Delbert,Skully,dskullyll@tuttocitta.it,Male,176.241.144.137
779,Kelby,Stanbridge,kstanbridgelm@51.la,Male,61.105.135.199
780,Lucretia,Croan,lcroanln@stumbleupon.com,Female,107.57.173.107
781,Grannie,Ferguson,gfergusonlo@marketwatch.com,Male,14.138.132.31
782,Kennan,McCormick,kmccormicklp@barnesandnoble.com,Male,167.60.21.163
783,Garrik,Davidsson,gdavidssonlq@globo.com,Male,160.245.213.148
784,Tremayne,Leek,tleeklr@cyberchimps.com,Male,210.226.143.47
785,Pat,Harverson,pharversonls@icio.us,Female,136.149.76.99
786,Vanna,Howey,vhoweylt@lycos.com,Female,45.207.123.247
787,Didi,Giacometti,dgiacomettilu@bigcartel.com,Genderqueer,159.34.240.95
788,Rochester,Webb,rwebblv@bluehost.com,Male,246.168.101.117
789,Stephanus,Chastenet,schastenetlw@npr.org,Male,81.121.107.157
790,Conway,Bastistini,cbastistinilx@spotify.com,Male,12.135.45.51
791,Gradeigh,Erridge,gerridgely@privacy.gov.au,Male,181.60.233.121
792,Fanechka,Amar,famarlz@aol.com,Female,38.166.190.69
793,Barbra,Wansbury,bwansburym0@clickbank.net,Female,84.198.77.152
794,Rosanne,Lehrer,rlehrerm1@squidoo.com,Female,11.154.194.188
795,Lezlie,Dowling,ldowlingm2@booking.com,Polygender,100.219.237.24
796,Starr,Pick,spickm3@simplemachines.org,Female,239.209.117.235
797,Leonidas,Inge,lingem4@myspace.com,Male,52.103.211.60
798,Domingo,Rickis,drickism5@comcast.net,Male,213.36.32.164
799,Aymer,Kuschel,akuschelm6@epa.gov,Male,214.140.47.249
800,Ursala,Rablan,urablanm7@ucoz.ru,Female,87.183.118.188
801,Hortensia,Ferraraccio,hferraracciom8@elpais.com,Female,196.104.43.67
802,Kristyn,Haskell,khaskellm9@wiley.com,Female,48.49.228.116
803,Gilberto,Eivers,geiversma@csmonitor.com,Male,193.162.69.77
804,Gardiner,Tatershall,gtatershallmb@webmd.com,Male,208.39.223.161
805,Alexia,Gouly,agoulymc@domainmarket.com,Female,21.13.135.95
806,Ayn,Boyle,aboylemd@blogger.com,Female,186.191.225.102
807,Othelia,Giraudot,ogiraudotme@microsoft.com,Female,11.74.161.192
808,Xylia,Kindleside,xkindlesidemf@tumblr.com,Female,177.168.222.214
809,Frieda,Gilmartin,fgilmartinmg@free.fr,Female,244.71.30.25
810,Gavan,Bagwell,gbagwellmh@hostgator.com,Male,246.149.140.6
811,Sergio,Laterza,slaterzami@ucoz.ru,Male,20.157.128.85
812,Abba,Blumire,ablumiremj@e-recht24.de,Male,174.201.206.86
813,Vinson,Hammand,vhammandmk@wordpress.com,Male,199.176.220.190
814,Jackie,Capel,jcapelml@shinystat.com,Agender,179.78.28.219
815,Olenolin,Strongman,ostrongmanmm@narod.ru,Male,23.146.246.46
816,Bartholemy,Gifkins,bgifkinsmn@washingtonpost.com,Male,199.2.232.79
817,Ewen,Sivyer,esivyermo@sakura.ne.jp,Male,37.249.30.65
818,Clayborn,Kirman,ckirmanmp@mediafire.com,Genderqueer,16.146.26.204
819,Mauricio,Rawood,mrawoodmq@hibu.com,Male,161.2.172.181
820,Carny,Cowlishaw,ccowlishawmr@creativecommons.org,Genderfluid,124.59.13.93
821,Uriah,des Remedios,udesremediosms@jimdo.com,Male,87.114.228.117
822,Esdras,Turone,eturonemt@census.gov,Male,72.41.139.186
823,Ginny,Covolini,gcovolinimu@list-manage.com,Female,226.161.186.141
824,Barnabe,Liddle,bliddlemv@dmoz.org,Male,108.151.82.242
825,Odelle,Naughton,onaughtonmw@wisc.edu,Female,78.178.31.61
826,Celinda,Fairlamb,cfairlambmx@walmart.com,Female,190.226.165.117
827,Meris,Coenraets,mcoenraetsmy@forbes.com,Female,119.48.240.18
828,Ardene,Gail,agailmz@sitemeter.com,Female,220.19.160.1
829,Rriocard,Brokenshire,rbrokenshiren0@jiathis.com,Male,253.60.61.36
830,Renae,Dairton,rdairtonn1@microsoft.com,Female,177.202.77.123
831,Noelani,Tousy,ntousyn2@wikia.com,Female,248.58.194.210
832,Mac,Bristo,mbriston3@blogtalkradio.com,Male,83.130.252.77
833,Alair,Sahlstrom,asahlstromn4@shop-pro.jp,Male,63.62.39.23
834,Faye,Weal,fwealn5@microsoft.com,Female,27.183.37.240
835,Hermy,Kermath,hkermathn6@flickr.com,Male,90.25.240.205
836,Tally,Langworthy,tlangworthyn7@marriott.com,Male,3.93.251.249
837,Holmes,Grief,hgriefn8@ucoz.ru,Male,72.195.80.42
838,Baxy,Conneely,bconneelyn9@washington.edu,Male,60.131.85.88
839,Bren,Lyttle,blyttlena@mapy.cz,Male,247.201.25.115
840,Boyce,Critten,bcrittennb@indiatimes.com,Male,39.59.46.147
841,Rosetta,Stuart,rstuartnc@sogou.com,Female,185.24.231.76
842,Slade,Kitchinham,skitchinhamnd@umn.edu,Male,243.157.129.241
843,Jereme,Lawther,jlawtherne@ihg.com,Male,181.83.4.250
844,Gabriellia,Boissieux,gboissieuxnf@cafepress.com,Female,97.144.69.153
845,Buffy,Bletso,bbletsong@mit.edu,Polygender,98.239.2.120
846,Salem,Skelcher,sskelchernh@exblog.jp,Male,41.245.51.227
847,Mason,Haster,mhasterni@hugedomains.com,Male,106.91.233.75
848,Ailina,Cressar,acressarnj@barnesandnoble.com,Female,56.97.77.27
849,Marin,Todarello,mtodarellonk@eventbrite.com,Female,99.124.91.76
850,Bronnie,Bowen,bbowennl@nymag.com,Male,252.45.218.74
851,Fulton,Rime,frimenm@prweb.com,Male,111.105.164.104
852,Der,Pady,dpadynn@github.com,Male,10.169.245.163
853,Lara,Brislawn,lbrislawnno@tiny.cc,Female,76.206.70.180
854,Charlena,Sturdgess,csturdgessnp@ft.com,Female,184.207.30.73
855,Janaye,Danihelka,jdanihelkanq@chron.com,Female,123.228.228.233
856,Elwin,Gheerhaert,egheerhaertnr@cnbc.com,Male,112.125.82.10
857,Marleen,Janisson,mjanissonns@earthlink.net,Female,142.172.248.237
858,Waldon,Avramow,wavramownt@typepad.com,Male,252.120.10.72
859,Pat,Cannaway,pcannawaynu@google.nl,Male,101.139.40.237
860,Tawsha,Giametti,tgiamettinv@amazon.com,Female,217.9.53.96
861,Norma,St. Ledger,nstledgernw@paginegialle.it,Female,139.141.126.140
862,Pasquale,Wasylkiewicz,pwasylkiewicznx@shutterfly.com,Male,88.158.172.128
863,Claudian,Burgis,cburgisny@taobao.com,Male,160.247.103.212
864,Lilith,Clack,lclacknz@parallels.com,Female,53.84.64.233
865,Aida,Torfin,atorfino0@microsoft.com,Female,84.8.239.4
866,Alaric,Tanzer,atanzero1@xinhuanet.com,Male,94.108.161.121
867,Mel,Mattiussi,mmattiussio2@narod.ru,Male,102.108.190.204
868,Lucky,Brophy,lbrophyo3@shareasale.com,Polygender,216.16.132.117
869,Conrade,Hotchkin,chotchkino4@state.gov,Male,240.80.199.217
870,Jaclyn,Bellas,jbellaso5@cmu.edu,Female,169.2.239.134
871,Teddy,Holton,tholtono6@blogger.com,Female,144.181.96.86
872,Beilul,Bitchener,bbitchenero7@ca.gov,Female,190.1.254.130
873,Almeda,Seifert,aseiferto8@meetup.com,Female,82.209.34.185
874,Bernadene,Wilfing,bwilfingo9@shinystat.com,Female,32.34.208.56
875,Demetris,Warr,dwarroa@wordpress.com,Female,139.5.150.174
876,Thatcher,Merwood,tmerwoodob@vkontakte.ru,Male,155.104.222.63
877,Alwin,Ziemens,aziemensoc@ftc.gov,Male,160.24.106.221
878,Helaina,Mulmuray,hmulmurayod@slashdot.org,Female,38.5.41.101
879,Hill,Mabee,hmabeeoe@newyorker.com,Male,241.254.239.144
880,Giraldo,Norrie,gnorrieof@nba.com,Male,230.72.173.133
881,Natalya,Currm,ncurrmog@vistaprint.com,Female,70.215.149.179
882,Brande,Mollin,bmollinoh@issuu.com,Non-binary,119.230.221.211
883,Cami,Santore,csantoreoi@technorati.com,Female,101.114.232.188
884,Seward,Gilloran,sgilloranoj@simplemachines.org,Male,137.185.156.1
885,Netti,Goude,ngoudeok@mashable.com,Female,227.183.29.27
886,Dickie,Wakefield,dwakefieldol@ow.ly,Male,10.80.80.69
887,Fabiano,Broodes,fbroodesom@wikia.com,Agender,146.178.193.185
888,Becca,England,benglandon@wikipedia.org,Female,207.7.82.109
889,Krispin,Stillman,kstillmanoo@tiny.cc,Male,199.132.145.16
890,Nathanael,Joules,njoulesop@indiatimes.com,Non-binary,20.96.68.42
891,Payton,Grayne,pgrayneoq@google.ca,Male,107.211.96.107
892,Cassy,Beldon,cbeldonor@yolasite.com,Female,171.31.48.212
893,Waylin,Plevey,wpleveyos@fc2.com,Male,199.235.81.13
894,Shela,Thebes,sthebesot@scientificamerican.com,Female,174.185.161.232
895,Elden,Pine,epineou@ask.com,Male,116.165.97.113
896,Tildy,Kirimaa,tkirimaaov@gnu.org,Female,251.179.0.193
897,Shandie,Sings,ssingsow@prweb.com,Female,164.248.51.25
898,Kally,Marshallsay,kmarshallsayox@mtv.com,Female,164.138.184.254
899,Augustine,McGinnis,amcginnisoy@naver.com,Male,153.53.203.3
900,Wenonah,Garnar,wgarnaroz@rambler.ru,Female,64.144.140.84
901,Consolata,Officer,cofficerp0@odnoklassniki.ru,Female,40.160.168.236
902,Kora,Tildesley,ktildesleyp1@mtv.com,Female,49.15.181.62
903,Lorenzo,Lambotin,llambotinp2@spiegel.de,Male,58.235.194.127
904,Byran,Polhill,bpolhillp3@studiopress.com,Male,93.86.35.195
905,Norene,Limming,nlimmingp4@cam.ac.uk,Bigender,133.83.253.155
906,Cirilo,Evensden,cevensdenp5@webmd.com,Male,10.225.19.85
907,Simeon,Thain,sthainp6@vk.com,Male,75.60.242.144
908,Nichol,Lattka,nlattkap7@ucsd.edu,Genderqueer,137.82.184.57
909,Ardene,Absolon,aabsolonp8@house.gov,Female,208.116.152.27
910,Inigo,Bythell,ibythellp9@nasa.gov,Male,14.56.226.240
911,Raphael,McLeoid,rmcleoidpa@nifty.com,Male,243.61.231.233
912,Glenn,Heaviside,gheavisidepb@issuu.com,Male,170.57.233.203
913,Katuscha,Jirick,kjirickpc@icq.com,Genderfluid,109.77.143.61
914,Cleveland,Strathearn,cstrathearnpd@cbslocal.com,Male,150.153.210.5
915,Reinhard,Van den Hof,rvandenhofpe@wsj.com,Male,35.251.52.68
916,Clemmy,Muscroft,cmuscroftpf@photobucket.com,Male,128.52.84.11
917,Rockie,O'Corren,rocorrenpg@tmall.com,Male,191.27.75.253
918,Ginger,Goburn,ggoburnph@google.com,Bigender,242.241.242.42
919,Ellerey,Guilfoyle,eguilfoylepi@slashdot.org,Male,222.202.174.247
920,Price,Bare,pbarepj@example.com,Male,245.226.142.61
921,Viv,Nutton,vnuttonpk@flavors.me,Female,207.236.123.144
922,Tressa,Zanicchi,tzanicchipl@opensource.org,Female,104.107.58.57
923,Luciano,Parades,lparadespm@bigcartel.com,Male,228.153.72.135
924,Dun,Gilvear,dgilvearpn@hhs.gov,Male,37.234.196.117
925,Michell,Treneman,mtrenemanpo@cdbaby.com,Female,30.118.221.60
926,Gaynor,Grebert,ggrebertpp@seattletimes.com,Female,145.70.183.29
927,Catarina,Bloor,cbloorpq@baidu.com,Female,163.124.101.230
928,Denni,Aers,daerspr@army.mil,Female,131.42.221.30
929,Winne,Bashford,wbashfordps@aboutads.info,Genderqueer,92.86.158.138
930,Gibb,Whetnall,gwhetnallpt@nhs.uk,Male,234.12.218.71
931,Trenton,Moxstead,tmoxsteadpu@patch.com,Male,69.57.61.88
932,Shandee,Keaton,skeatonpv@cafepress.com,Female,215.166.54.254
933,Maren,Carn,mcarnpw@ihg.com,Female,70.155.28.34
934,Idalina,Nazareth,inazarethpx@paypal.com,Genderfluid,218.255.223.68
935,Tessie,Dutteridge,tdutteridgepy@wikimedia.org,Female,70.243.34.213
936,Shadow,Houson,shousonpz@cam.ac.uk,Male,85.163.78.228
937,Perice,Cowie,pcowieq0@plala.or.jp,Male,210.143.143.124
938,Pen,Found,pfoundq1@drupal.org,Female,229.246.109.55
939,Philis,Padly,ppadlyq2@weibo.com,Female,124.92.15.235
940,Marcus,Yanuk,myanukq3@oracle.com,Male,25.190.129.159
941,Wilbur,Andri,wandriq4@over-blog.com,Male,74.215.28.75
942,Loella,McReynolds,lmcreynoldsq5@goodreads.com,Female,225.58.96.250
943,Mel,Kilford,mkilfordq6@artisteer.com,Female,155.21.33.202
944,Vi,Tschiersch,vtschierschq7@amazon.co.jp,Female,234.142.227.238
945,Marco,Riehm,mriehmq8@thetimes.co.uk,Male,119.194.254.85
946,Mahmoud,Penhearow,mpenhearowq9@baidu.com,Male,95.109.220.166
947,Rasla,Grimley,rgrimleyqa@yahoo.com,Female,233.51.41.52
948,Alexandros,Pascoe,apascoeqb@amazon.co.jp,Male,74.78.67.16
949,Ransom,Bench,rbenchqc@xrea.com,Male,63.29.56.121
950,Hall,Vasquez,hvasquezqd@amazonaws.com,Non-binary,189.216.104.35
951,Mordy,Harcarse,mharcarseqe@abc.net.au,Male,203.95.191.206
952,Victor,Origan,voriganqf@patch.com,Male,70.218.99.44
953,Stanleigh,Segrott,ssegrottqg@epa.gov,Male,248.97.206.167
954,Elvyn,Haryngton,eharyngtonqh@opera.com,Male,104.251.108.162
955,Reidar,Jorio,rjorioqi@webeden.co.uk,Non-binary,193.208.44.73
956,Kennie,Mowling,kmowlingqj@oakley.com,Male,208.75.164.96
957,Derrik,Aishford,daishfordqk@phoca.cz,Male,89.189.144.62
958,Faythe,Livings,flivingsql@ca.gov,Genderqueer,132.183.232.100
959,Jereme,Menendes,jmenendesqm@opensource.org,Male,74.111.76.123
960,Ganny,Gunny,ggunnyqn@reuters.com,Male,68.229.205.138
961,West,Jaksic,wjaksicqo@wp.com,Male,169.152.187.25
962,Ilka,Whiteley,iwhiteleyqp@bing.com,Female,112.195.118.105
963,Jdavie,Koenraad,jkoenraadqq@cargocollective.com,Male,16.152.207.203
964,Joane,Rankin,jrankinqr@go.com,Female,10.175.219.208
965,Sayers,Bridgstock,sbridgstockqs@deviantart.com,Male,106.156.108.37
966,Phebe,Drohun,pdrohunqt@github.io,Female,65.139.39.233
967,Cymbre,Willbourne,cwillbournequ@elpais.com,Female,23.255.48.57
968,Twyla,Newhouse,tnewhouseqv@marriott.com,Female,18.1.43.152
969,Archy,Caughey,acaugheyqw@cafepress.com,Male,38.195.29.136
970,Dyanne,Leeburne,dleeburneqx@vimeo.com,Female,63.111.245.22
971,Jay,Gino,jginoqy@ox.ac.uk,Male,172.129.130.145
972,Jerrilyn,Abrahim,jabrahimqz@soup.io,Female,150.3.187.210
973,Francine,Brugmann,fbrugmannr0@drupal.org,Female,33.232.244.43
974,Barnett,Chatfield,bchatfieldr1@zimbio.com,Male,136.20.208.39
975,Gilburt,Joslin,gjoslinr2@linkedin.com,Male,217.57.164.158
976,Gabriellia,Whelpdale,gwhelpdaler3@ebay.co.uk,Female,32.222.132.172
977,Ruby,Celez,rcelezr4@1688.com,Polygender,156.67.160.34
978,Kurtis,Lemery,klemeryr5@stumbleupon.com,Male,95.38.22.20
979,Stormy,Maywood,smaywoodr6@bloomberg.com,Female,19.9.90.60
980,Beck,Tirone,btironer7@pinterest.com,Male,175.185.144.24
981,Maximilian,Crunden,mcrundenr8@slideshare.net,Male,231.143.117.132
982,Gilberta,Giffaut,ggiffautr9@google.nl,Female,214.141.87.116
983,Jeniece,Sallier,jsallierra@hugedomains.com,Female,185.121.13.211
984,Royce,Weiner,rweinerrb@wired.com,Male,120.41.8.1
985,Florencia,Diess,fdiessrc@narod.ru,Female,89.27.141.114
986,Roselin,Burney,rburneyrd@issuu.com,Female,232.169.158.146
987,Sully,Gilstoun,sgilstounre@thetimes.co.uk,Male,208.221.63.144
988,Jorge,Jopson,jjopsonrf@istockphoto.com,Agender,217.213.255.228
989,Caria,Hagan,chaganrg@51.la,Female,150.238.238.66
990,Jessee,Enoch,jenochrh@chronoengine.com,Polygender,228.29.38.233
991,Jessika,Laugier,jlaugierri@archive.org,Female,98.248.225.78
992,Rolph,Pudner,rpudnerrj@ning.com,Male,200.223.202.108
993,Lethia,Tripp,ltripprk@dropbox.com,Female,207.7.28.254
994,Ellwood,Beachamp,ebeachamprl@bloglovin.com,Male,60.143.152.21
995,Agnese,Gobbett,agobbettrm@imgur.com,Female,214.74.170.73
996,Sharon,Tyrer,styrerrn@dropbox.com,Female,24.170.254.148
997,Concettina,Dietmar,cdietmarro@hhs.gov,Female,204.148.21.240
998,Austin,Laydel,alaydelrp@sfgate.com,Male,103.58.230.253
999,Amandie,Asty,aastyrq@ucla.edu,Female,253.111.206.4
1000,Bordy,Hasard,bhasardrr@cpanel.net,Male,91.208.90.101
